<?xml version="1.0" encoding="utf-8"?>
<unattend xmlns="urn:schemas-microsoft-com:unattend">
  <settings pass="windowsPE">
    <component name="Microsoft-Windows-Setup" processorArchitecture="x86"
publicKeyToken="31bf3856ad364e35" language="neutral" versionScope="nonSxS"
 xmlns:wcm="http://schemas.microsoft.com/WMIConfig/2002/State"
xmlns:xsi="http://www.w3.org/2001/XMLSchema-instance">
          <Display>
          <ColorDepth>32</ColorDepth>
          <HorizontalResolution>1366</HorizontalResolution>
          <RefreshRate>60</RefreshRate>
          <VerticalResolution>768</VerticalResolution>
          </Display> 
     <EnableNetwork>true</EnableNetwork>
     <EnableFirewall>true</EnableFirewall>   
    </component>
  </settings>
</unattend>